barcode	coding_region
ATTATCTAATTCATACGTAGAGAGATAGAAATTTATACGTCATGGTGACGTGTCGTCCTTCATATGTATGATTTA	TTGATAAATTCACTATTGACTCTTCTCAGCGTCTTAATCTAGAGCTTTATCGTTTAACTTTAAGAAGGAGATATACAT
CCGATTGGCTCAATTTCCTGTTCCATCTAGTATGATTATGGAGAGTCCTGGCTATGAGGAACATTCGATTGTTTT	CCGTGACGGATCCTGGTGCAAAACCTTTCGCGGTATGGCATGATAGCGCCTTTAACTTTAAGAAGGAGATATACAT
AAGAAAGTATGCATTAGTAATGTCGGTGCGTATTAGTACGGTGTCACCAGGAATTACATTATAGTCCTGCGTACG	TTTACAGCTAGCTCAGTCCTAGGGACTGTGCTAGCTTTAACTTTAAGAAGGAGATATACAT
ATGGTTTAATCCGTATGTGGCTTCCGTGAATTGAACGAAGCATAAACGTGTGAAGGAAGAATGTTCCATAGTAGG	CATTATTGCAATTAATAAACAACTAACGGACAATTCTACCTAACATTTAACTTTAAGGAGTAGAGATATACAT
CGGAACTAGTGCACAGGTGGCGTGATCTAAGTTACGTTCGGTGTATTCAGGCTGGAAAGTGTAGACGCTACTACG	TTTACAGCTAGCTCAGTCCTAGGTATTATGCTAGCTTTAACTTTAAGAAGGAGATATACAT
CTGGATTTACCCGTAAACGAAGTGCGCTCAAATAATTACCGTGAACCCTTAGATGCACGTTCAGTACTGACGTTA	CGATGCAGGTGGATGATCGCGGCTAGTCGATGCTGCTCATCGTAGCACCTGCGTCC
CTCAATGAGTCTACTTGTTACTTGAAATAAGTTAATGTTGGTGTCTCATGGGTAGAAAGGACATAACAGAGGAGT	TTGACAGCTAGCTCAGTCCTAGGTACTATGCTAGCTTTAACTTTAAGAAGGAGATATACAT
AGGAAATAGTTTGCTGCTAATTTCAAATCAATGGATTACGCAGTGGCATTAAATTATCTCGAATTCCTTCGGCAA	CTGATGGCTAGCTCAGTCCTAGGGATTATGCTAGCTTTAACTTTAAGAAGGAGATATACAT
AATATACTGTTCACACATAGCTAGAACTCAATGAATTAAAGTGACATCATGCTGGGTGTATACTGCAATCGTATA	CGATGCAGGTGGATGATCGCGGCTAGTCGATGCTGCTCATCGTAGCACCTGCGTCC
GAAATTATACCTACAACCAGCGTCTGCGAAGATACTGAACCTTAAAGGTGGAAGTCTATTTCCGACGCTTGGATA	CGATGCAGGTGGATGATCGCGGCTAGTCGATGCTGCTCATCGTAGCACCTGCGTCC
CGCGACTAGTCCATAAGCGACGCGATCGAATATGACGTCGCAGACGGGAGAATTGCAATGAAATACACTACTTCC	CGATGCAGGTGGATGATCGCGGCTAGTCGATGCTGCTCATCGTAGCACCTGCGTCC
AAGATCCTAGTCGGTACCTTGGCCGACTCTGGTAACGACGCTGACTTATGGTGTTCAGTGCTTTGCTCGTTATCC	TATTAACGTTTACAATTTAAATATTTGCTTATACAATCTTCCTGTTTTTTTAACTTTAAGAAGGAGATATACAT
AAGGATCTGTTTACAGCTAGCGCCTACTAAATTTACGAACCTGTAATCAGAAATTATGTCTTATTCCATACTTCG	CGATGCAGGTGGATGATCGCGGCTAGTCGATGCTGCTCATCGTAGCACCTGCGTCC
AAGGATTTGCGTACAGGTGATGACGATGAAAAGGACTTGGCATTATTGTTAAAGTGAAGCAAAGTCCATCCTAGA	CGATGCCCGTGGATGATCGCGGCTAGTCGATGCTGCTCATCGTAGCACCTGCGTCC
ACAACTCAGCCCATATCTTATTTCGATGAAATTGACGATGCATAATTATGAGTTGGTCGCGTCTGCAAGTCGTGA	CTGACAGCTAGCTCAGTCCTAGGTATAATGCTAGCTTTAACTTTAAGAAGGAGATATACAT
ATGGTTTTATTTACTGCTGGAGTGTGTTAGATTTCTTACGCTTTGCTGTGGTTCGTTTATGGCTTATTCCTTTGT	TTGACAATATATATATATATATAATGCTAGCTTTAACTTTAAGAAGGAGATATACAT
AAGCGTCGATCCATTCATTGATTCAATTCAATGTCTTATCCTTTCTTATTTAATGCAATCGACTTACTTAGTACA	CGATGCAGGTGGATGATCGCGGCTAGTCGATGCTGCTCATCGTAGCACCTGCGTCC
CCTATTTTGCTCGTTGCCAGATTCTATGCATATGCGGTGCCTGTGACATTGCTGTGTATCGCGGTACAGCCGTGC	TTGACAGCTAGCTCAGTCCTAGGGATTGTGCTAGCTTTAACTTTAAGAAGGAGATATACAT
AGCAATGAGTGTGCAGATTGTTCCGTCGAATTTGACGAAGGTTTGTGGTGAGTGTATGTTGTGTAAGCTAGGTGT	CGATGCAGGTGGATGATCGCGGCTAGTCGATGCTGCTCATTGATGGGCACTGTCGTCCC
AACGAAGTATCCACACGCGGTGCGTTTGCAAATGCCTTTACAGTAACAATAAAATGAGGATTCTAAATTACGTTT	TTGACAGCTAGCTCAGTCCTAGGGACTATGCTAGCTTTAACTTAAGAAGGAGATATACAT
CAGGATTAATGCGCTAGCGATTCCAGCGAAGTGGATGAAGCATAAAGAATACATGCCCTAATAGACCCGCGTTTA	TTTACGGCTAGCTCAGTCCTAGGTATAATGCTAGCTTTAACTTTAAGAAGGAGATATACAT
AATAATGTGCGTGCAGGCGGAGAGTTCTCATGTTCCGAGGCTGTGGCGTTAAATGGACGTGCCTTCCTGCGTTTT	CGATGCAGGTGGATGATCGCGGCTAGTCGATGCTCATCGTAGCGCCTGCGTCC
CAGAATGTATCCATAAGTGGTTTCATTTAAGTGACTTTGGGATAGAGGTGTGTGTGACTGATGGGCAAGCCGTTG	CGATGCAGGTGGATGATCGCGGCTAGTCGATGCTGCTCATGGTGAGCACCTGCGTCC
AATGTATAGTTCGCTGATGGTGACTACTAGTATTACGTCACATACACGATTCTGTCAGGTTAGGACCCTACTTTA	CGATGCAGGTGGATGATCGCGGCTAGTCGATGCTGCTCATCGTAGCACCTGCGTCC
AACTCGATTAACTTGTTCAGATGGGTTCAGGAGGCTGTCGGTGTGTGGTGGCTAGCTCGATTAGGCGCTTCGATG	TTTACGGCTAGCTCAGTCCTAGGTATTATGCTCTAACTTTAAGAAGGGAGTGTACGTCT
AATATTTTATTTGTTCCTAAAGAGCAATCAGAGTACGTAGCTTTAATCATGCTAGAACTATAGTAAATGCGGACT	CTGATAGCTAGCTCAGTCCTAGGTACTATGCTAGCTTTAACTTTAAGAAGGAGATATACAT
ATTATCCAATCTATATACAACTTGGGAGAGATGTATGTTAGTGTCAGGATTGAGTAAATAAAATTCCTGACTTTC	CGATGCAGGTGGATGATCGCGGCTAGTCGATGCTGCTCATCGTAGCACCTGCGTCC
CGTATTCTATTTACTTGCTATGTCGGATAGGTTTCTTTTAGTTTGTGATGACATTCCGGATCTAATTTCTTGTCG	CGATGCAGGTGGATGATCGCGGCTAGTCGATGCTGCTCATCGTAGCACCTGCGTCC
ATCGTCTTACCCACTCACGGTTAGTATGCGTTTTCCTTTCCTTTGCTAAGGGTGTGTGTTGAATGCAAGAGTTTT	CGATGCAGGTGGATGATCGCGGCTAGTCGATGCTGCTCATCGTAGCACCTGCGTCC
AGTATACAGCTCACTGACAAAGCCGGTTCGTAGGAGGTGGCAGAGAGCTGAGAGGGACGGATAGGCCAGCCCAAC	TTTACAGCTAGCTCAGTCCTAGGTATTATGCTAGCTTTAACTTTAAGAAGGAGATATACAT
CAGATTCTGCTCGCTACTAGTGTGGTATCGTAGACTTTCGGAGTGCGATGACTTTGTGGAGAATTACTGAGGTCA	CGATGCAGGTGGATGATCGCGGCTAGTCGATGCTGCTCATCGTAGCACCTGCGTCC
ATGGAATTACCCGCACGCTACTCCATAGAAGTTTAGGTAACTGAGGCGTGAGTATGTGTTAAGGACCTTAGGAGC	TTGACGGCTAGCTCAGTCCTAGGTATAGTGCTAGCTTTAACTTTAAGAAGGAGATATACAT
CACGTCTTGTCTGTTCCTTGATAGCTCGCAGTGGCCGTGACTTTCGTAATGATTTACGTATTCGTAGCTTCGACG	CGATGCAGGTGGATGATCGCGGCTAGTCGATGCTGCTCATCGTAGCACCTGCGTCC
CATGTTCTACTTGCACCTTATGAGATATAAGTGTATGTGAGTTACCTATGGGATTATAGGAAGGACGAGTGGTTA	CGATGCAGGTGGATGATCGCGGCTAGTCGATGCTGCTCATCGTAGCACCTGCGTCC
AATGTAGAATTTGCAACCGGATTCAAATAGTTGACGGAACGAGTGTTCTGGATTGAACTGATATACCCGACTTCA	TTTACAGCTAGCTCAGTCCTAGGTATTGTGCTAGCTTTAACTTTAAGAAGGAGATATACAT
CGGGACTTGTCTATAAACTGTGACGAAGAGAATAAGTAACGTTCAAGAATTCATTCTATGAACGTCGTCGGTCCC	TTTACACTTTATGCTTCCGGCTCGTATGTTGTGTGGACTTTAACTTTAAGAAGGAGATATACAT
CGCGTTTTATTCGTTGGCAAATTCGTTTCAAATTACTTCAGATAATCCTTACTTTATGGATTGTAACTTAGGTTT	CGATGCAGGTGGATGATCGCGGCTAGTCGATGCTGCTCATCGTAGCACCTGCGTCC
ACTGTTCAACGCGCTTGCAGCTCGAGTGAGTAGTCGGTCAGTTTATTCATTCATTAAATAGCGTGCGTGTGGATT	CGATGCCGGTGGATGATCGCGGCTAGTCGATGCTGCTCTCATGGTCGCACCTGCGTCC
CTCAATCTACCCGTTAGTGGCGAGTTAGAGGAGACTTTTACAGAACTCTGACAATCCCGCTAGTTCCAGAGTTTA	GCAACCATTATCACCGCCAGAGGTAAAATAGTCAACACGCACGGTGTTATTTAACTTTAAGAAGGAGATATACAT
ACCAACCTGCTTATTTGTAGTTTGATTTAATTTGCTTATCGAGTACGAATTGTAGGTAGGATGGTCAAGACTTTG	CGATGCAGGTGGATGATCGCGGCTAGTCGATGCTGCTCATCGTAGCACCTGCGTCC
AATGATCTGTTCATTCCTTGATTGTTTGCAATTGCGGACGGAGTCTTCAGAATGGCAGGGCATGCCAGAGTTCAC	TTGACAGCTAGCTCAGTCCTAGGTATAATGCTAGCTTTAACTTTAAGAAGGAGATATACAT
ATCGTTTAGTCTGTATACAGTGACTACTCATATAATTTGCGTGAAGCGATGTCAGATAAAGCCGTAGTGAGGTTT	TTTACGGCTAGCTCAGTCCTAGGTACAATGCTAGCTTAACTTTAAGAAGGAGATATACAT
CGTATTTAGCTTATTAATTGCTTCTATTAATTTGATTTGACATAGTTCAGAGTTTCAGTCGTGGTAGTTTCTTTG	TTGACAGCTAGCTCAGTCCTAGGTACTGTGCTAGCTTTAACTTTAAGAAGGAGATATACAT
CAGATACTGCGTGTTCACTAAGTGAATTAGGAGGATTATCGATTAGTATGGATGGCTCGTGTAAGGCCATTGGAT	CGATGCAGGTGGAATGATCGCGGCTAGTCGATGCTGCTCATCGTAGCACCTGCGTCC
CGTGTTGTACCTGCTAACAGATAGAATTCATTGTATTTGCGTTACCTGATGAAAGCCAGTGAGGTCATGTGTTGT	CGATGCAGGTGGATGATCGCGGCTAGTCGATGCTGCTCATCGTAGCACCTGCGTCC
ATTGACGTAACGACAAATTAATTCAGTTAGAATGATTACAGATAGGTCTGGCTTTACGGTGTCGGCGCGAGGATG	CGATGCAGGTGGATGATCGCGGCGAGTCGATGCTGCTCATCGTAGCACCTGCGTCC
ACTGTTGTACTTGTTGCCGGTGAGATCTCGTTTTACGATGCTTAGTGGAGGATGGAGAGGACGGGCCCTTGGTTA	CGATGCAGGTGGATGATCGCGGCTAGTCGATGCTGCTCATCGTAGCACCTGCGTCC
ATTAATCAGTTCGTTGCCAAATACTTATCGGTTACTTACAGTTACCGATGAATTTCACGTGCGGGAAAGAGGAGG	CGATGCAGGTGGATGATCGCGGCTAGTCGATGCTGCTCATCGTAGCACCTGCGTCC
ATGATATAGCTTGCTGGTGATTTCCTCTAATTTGATTTCGGAGTATGCTGACTGTGCCTCACATAAGTGCCGACT	CATTATTGCAATTAATAAACAACTAACGGACAATTCTACCTAACATTTAACTTTAAGAAGGAGATATACAT
ATGATCCTGTTTATTTCTTATTAGTTTTAATTTTCTTTTACTTTGTTATTTATTTCAATTTATTCCTTTCTTTTC	CGATGCAGGTGGATGATCGCGGCTAGTCGATGCTGCTCATCGTAGCACCTGCGTCC
AGGATACAACCCGCTGCCGGCTACTGTTCAGAGGCTGTTAGAGACCGGATAGTATGCATTTCATAAGCGAGGACT	TTTACGGCTAGCTCAGTCCTAGGTACAATGCTAGCTTTAACTTTAAGAAGGAGATATACAT
AAGGAATTATTCATAGCTAGATAGGAAGCGGTTAAGGTACGAGTGGGGATAATATGAAGCGTAGGCAAGAGGACA	TATTAACGTTTACAATTTAAATATTTGCTTATACAATCTTCCTGTTTTTTTAACTTTAAGAAGGAGATATACAT
AGCGATTAGTTCGTTTCTTATTAGTTTTAATTGAACTTCGGAGTCTTATGGGTTTGACTTTTGGTAATGTCGTTG	TTGACAGCTAGCTCAGTCCTAGGTATAATGCTAGCTTTAACTTTAAGAATGAGATATACAT
ACTAATTAATGTACTAACGGCGAGCACGAATAGACTGAACGTGAGTCGTTAGAGTATCTGATGTTCGAGACTATG	TTTACACTTTATGCTTCCGGCTCGTATGTTGTGTGGACTTTAACTTTAAGAAGGAGATATACAT
ACCGAAAAGTTCTACAACTTAAGTCGATCGTTTACGTATGGAGTGTTAATTGTGGGCCGAACGTTCACTTCGATC	CGATGCAGGTGGATGATCGCGGCTAGTCGATGCTGCTCATCGTAGCACCTGCGTCC
GAAAAACAGCTCGTTAGTTGAGCGAGCGCAGTTAAGGTAGGGGATGACGTAAAAGTGGGAAGTCGTGGTACCTTG	CGATGCAGGTGGATGATCGCGGCTAGTCGATGCTGCTCATCGTAGCACCTGCGTCC
GTCTCAAGCCCCACTGGTGGATTCGGTTCGAAGGAGGTCGCATTGCCAATTCTATGCGTTGAATACCTGGATCCT	TTTATAGCTAGCTCAGCCCTTGGTACAATGCTAGCTTTAACTTCAAGAGGAGGTGCAT
CCCATATAGTGTGCATCTTGTTTCAGCGAAAAGTATTTTCGATTACCGAGTGTTTGAATGTTATTCCTTTCTATA	TTTATGGCTAGCTCAGTCCTAGGTACAATGCTAGCTTTAACTTTAAGAAGGAGATATACAT
ATGAATGTATTTATTTGTTGATACGATGAATATGATTTGAGATTCGTCTTGGAGTGTGTTTACGTAGATTCTTTT	CGATGCCGGTGGATGATCGCGGCTAGTCGATGCTGCTCATCGTAGCGCCTGCGTCC
CTCAAACAACCCATTCGTGATTAGCGCTAGTTTGCTTTAGCATAACGAAGGGTAGGAGTAGAGTGCCCTCGTAGA	TAATAGTATGACGAATACTTAAAATCGTCATACTTATTTTTTAACTTTAAGAAGGAGATATACAT
TATACTGTTTGTAGACCATGCTACAAATCGTTTCCGGTACCTTGGCCGACTCGTAACGACGCTGACTTATGGTGT	TTGATAAATTCACTATTGACTCTTCTCAGCGTCTTAATCTAAGCTATCGTTTAACTTTAAGAGGAGATATACAT
CTTGTCCAACGCACTGCCAAAGCGGGTGAGGAGTACTTCGCTGTCTTCTGAATGGCAAGATAGGAAGCGTGTATT	CGATGCAGGTGGATGATCGCGGCTAGTCGATGCTGCTCATCGTAGCACCTGCGTCC
ACCAACCTGCTTATTTGTAGTTTGATTTAATTTGCTTATCGAGTACGAATTGTAGGTAGGATGGTCAAGACTTTG	CGATGCAGGTGGATGATCACGGCTAGTCGATGCTCATCGTAGCACCTGCGTCC
CCTGACTTGCGTGCTCCCTATGTCATATCATTTTATTATGCTTTACGCTGGGTAGATCGTTTAGAACAGAGTAGT	TTGACAAGCTTTTCCTCAGCTCCGTAAACTTTTAACTTTAAGAAGGAGATATACAT
AATGAACTACTCGCTCACTAATTCTAAGCGTTGTAGGTACGAGACATCAGAGTGTCTGGATAGTTAGCTACTATT	TTGACAGCTAGCTCAGTCCTAGGGATTGTGCTAGCTTTAACTTTAAGAAGGAGATATACAT
CTTATCTAATCTACTGCTAAAGCCTGCGAATTGAATGTAACATTAAGCATAATGTGAAGAGTATACGTGTGTACG	CCGTGACGGATCCTGGTGCAAAACCTTTCGCGGTATGGCATGATAGCGCCTTTAACTTTAAGAAGGAGATATACAT
ATCGTTGAATGTGTTGCTAGTTTCCGATCGGTGTCTTAGCGAGACATGTTTAATTGAGGAAAATACAATAGTTTT	TTTACGGCTAGCTCAGTCCTAGGTATAGTGCTAGCTTTAACTTTAAGAAGGAGATATACAT
ATTAAACTGTGCATTCGCTATTTGTAATAGATTGAGTTGGCAGAATTGTTTATTTCTAGTAAATAAACGAGTTTG	CGATGCAGGTGGATGATCGCGGCTAGTCGATGCTGCTCATCGTAGCACCTGCGTCC
AATGGATCTACTCATTCGTGACTTAGTTCAATTTCCGTTCCAGAAATATTGGTGTCCAGATTAGGCCCGACTTGT	TTTACGGCTAGCTCAGTCCTAGGTACTATGCTAGCTTTAACTTAAGGAGATATACAT
CGTAACGTGTCCGTAAGTAAATCCTGTTCATTTGACGTGGGATTCAGCTTTCTTTCAGGCTACTTACTTTCTTTG	CGATGCAGGTGGATGATCGCGGCTAGTCGATGCTGCTCATCGTAGCACCTGCGTCC
CTGGTTTAACTCGTTAGCAAATAGGAAGCGATTGCTGTAGCAGACGTCTTGAATTGTGTTTTCTTAGCGTCGTCC	CGATGCAGGTGGATGATCGCGGCTAGTCGATGCTGCTCATCGTAGCACCTGCGTCC
AACAATGAACCTGCTAATTAAGTGGACGAAAATTACGAGCCTGACCCGTGGAATGGACGTGCGGTGACGGTACCT	CGATGCAGGTGGATGATCGCGGCTAGTCGATGCTGCTCATCGTAGCACCTGCGTCC
AATATTTAATTTGCACACTGTTTGTTTTCAGATACTTTACGTTTATTGATAGTTTGCGGCAAATGAGTTTGTTCG	CGATGCAGGTGGATGATCGCGGCTAGTCGATGCTGCCCATCGTAGCACCTGCGTCC
CCGGACCTATCTGTACCCTACTAGTTAGCGGAGGAGGTTGCATACGTAAGTAAGGCAGGGTCCGGAGCTCGTTCC	CGATGCAGGTGGATGATCGCGGCTAGTCGATGCTGCTCATCGTAGCACCTGCGTCC
CAGGTATTATTTACAAGCTAAGTGCTATAGTTGTCGGTAAGATTGGTATTTATTGCCATTGAGGGAAAGTGGTTT	CCGTGACGGATCCTGGTGCAAAACCTTTCGCGGTATGGCATGATAGCGCCTTTAACTTTAAGAAGGAGATATACAT
ATTATTTAGTTTGTTTGTAATTTGTATGCAAATAACTATAGTGAATTATTTATGTGTAGAAAGTAAATTTCTTTT	TTTATGGCTAAGCCCTAGTCTGAGGTACAATGCTAGCTTTAACTTTAAGAAGGAGATATACAT
ACCCATTCTGTCCATTTCTGATTCTAATCAGTTTCCTTCAGTGTCCCCTTTGATTACCTGGCAGTCCCGTGGTCT	CGATGCAGGTGGATGATCGCGGCTAGTCGATGCTGCTCATCTGGAAGCACCTGTGTCC
ATGATCTTGTTTATTCATTGTTTCCTTTAATATTCGGTCGCATTCTCCTTTATTTGTCTTTTCTACTCTCTTCCC	CGATGCAGGTGGATGATCGCGGCTAGTCGATGCTGCTCATCGTAGCACCTGCGTCC
CTGGATTAGTGTGCTTATAGATTCTTCGCGAATACTGTGAGATACGGGTTTCTGTCCAGTAAGTAAGTGCGGTCT	TTGATAAATTCACTATTGACTCTTCTCAGCGTCTTAATCTAAGCTATCGTTTAACTTTAAGAAGGAGATATACAT
CTTGAAGTGTTTGTATCCTATTCGTTATCGAAGTCCTATCCTGTCAGGATAGAAGGAGTATTGGAAATGAGTTCA	TTTACGGCTAGCTCAGTCCTAGGTACTATGCTAGCTTTAACTTTAAGAAGGAGATATACAT
CAGATAGTGCTCGCTTATAATTTGCATGCGGTTAAGTACGCAGTAGGGTTGCTTGGCCTTTAAGTCCATAGTTTG	TTGACAGCTAGCTCAGTCCTAGGTATAATGCTAAGCTAACTTTAAGAAGGAGATATACAT
ATCGTTTAGTCTGTATACAGTGACTACTCATATAATTTGCGTGAAGCGATGCTAGATAGACCTTGCGTGAGGTTT	TTTACGGCTAGCTCAGTCCTAGGTACAATGCTAGCTTAACTTTAGAGAGGAGATATACAT
CGTGAACTGCTCGCAACTAACGCGTACTCAAATAATGAAACATTAGCCTTGCATTGCCTTATATTCCAGCGGTCC	TTTACGGCTAGCTCAGTCCTAGGTACAATGCTAGCTTTAACTTTAAGAAGGAGATATACAT
CTTATTCAGTCTACTCATTGATACGGAGAGTAGTAGGTTACAGAAGCCAGACAGGCTCTGGAATGAGCTGCTCAC	CGATGCAGGTGGATGATCGCGGCTAGTCGATGCTGCTCATCGTAGCACCTGCGTCC
CCCATTTAGTCTATATGTGGCGTCTACTAGTTGTAGTTCGCAGACTGGTTGAAGGCCATGGCGGACAATTCTACG	TTGACGGCTAGCTCAGCCCTAGGTATTATGCTAGCTTTAACTTTAAGAAGGAGATATACAT
ATCAAACTATTCGTTTGCTGTTCGTTATCGTATAACGTTGGTGAAACATGTAAGGCAGTCTCGTGCGTTTCTACT	CGATGCAGGTGGATGATCGCGGCTAGTCGATGCTGCTCATCGTAGCACCTGCGTCC
CATGTACTATCTATTACTTAAGAGTATTCGTTGTCTTATCCATTCGTGTTTGTTTACGTTTAATTACTTTGTTTT	CATTATTGCAATTAATAAACAACTAACGGACAATTCTACCTAACATTTAACTTTAAGAAGGAGATATACAT
CCCAATGTGTCCGTTGATTACGACGACTAGAATACTTAACGTTTCGCGTTGATTGACGGGTAAGGCCATTGTATG	TTGACGGCTAGCTCAGTCCTAGGTATTGTGCTAGCTTTAACTTTAAGAAGGAGATATACAT
CGCAAAGTACTCATAAATTATGAGTTATAGTATACGTAAACTTTAACAAGTCATTGACGCATAGAAACTACTTCC	TTTATGGCTAGCTCAGTCCTAGGTACAATGCTAGCTTTAACTTTAAGAAGGAGATATACAT
CACGTCTAACTCATAAATAATTACGGTTAGAATTCTGTAAGTGTCGCCTTACAGGGCGGGATCGGACTGACGTTT	TTGACGGCTAGCTCAGTCCTAGGTATAGTGCTAGCTTTAACTTTAAGAAGGAGATATACAT
AACGTCCAGCCCGCTGGTGGTTTCCACTCAGTTGATTTTCGTGTACTATTTATGTGTATCTTAGGCGCTACTTGC	CGATGCAGGTGTATGATCGCGGCTAGTCGATGCTGCTCATCGTAGCACCTGCGTCC
ATTATACTGCGCATACCTGGATCGAACTCGTAGGAGTTGACAGTACTGTTTAAGGATATCAAGTACCCTTGGACC	TTGACAGCTAGCTCAGTCCTAGGTATAATGCTAGCTTTAACTTTAAGAAGGAGATATACAT
AACAATTAATGCACACGCTACTAGGTCTCGGTGAATTACCCTTTAGTCTTTAAGTACAGCGCGGGAGAGAGTATG	TTTACGGCTAGCTCAGTCCTAGGTATTATGCTAGCTTTAACTTTAAGAAGGAGATATACAT
TTTTAAGAACTGGCTCATTATACCAGTCAGTTGGCGGTACCTTGGCCGACTCTGGTAACGACGCTGACTTATGGT	TTTACGGCTAGCTCAGTCCTAGGTACAAATAATGAACTGGGCGGAGGCACCTGCCTAAGCATATGTATATCTCCTTCTTAAAGTTAAATACCTT
CTTATTCTGTCCGTTTCTAGTTAGTTTTAGTTTTATTTACCTGAAGTGTGTAATGGTCGTACGTACACTACGATC	GCCTTTCGTTTTATTTGATGCCTCTAGCACGCGTACCATGGGATCCCCCACTGCGATGCAGGTGGATGATCGCGGCTAGTCGATGCTGCTCATCGTAGCACCTGCGTCC
AGGGTATTATCTGTTACCGATTCCTGCTCAAAGAATTTCCCATAAGTGTGTCATTGTCTATAGTGACTTAGTTTG	TTTACGGCTAGCTCAGCCCTAGGTATTATGCTAGCTTTAACTTTAAGAAGGAGATATACAT
AGGGATCAGTGTGTAGCTGAAGCCCGCGAAATGGCCTTAGCTGAGGTCAGTCTTTACGTGACAGGACAGCCGTGG	CGATGCAGGTGGATGATCGCGGCTAGTCGATGCTGCTCATCGTAGCACCTGCGTCC
ATGACTCTGCTTACAGGCGGCTTCTGAGAGTTGAACTAGACATAGTGATGTGTGTGCGTGTTAGACGCTTGGACG	GGTAGAACCATATGAATTTTCTATTGATTGTGACAAAATAAACTTATTCCTTTAACTTTAAGAAGGAGATATACAT
CAGGTTGTATTTATATCTAATTAGCATTAATTTTCGTAGACATAAGGGTGTGATGGTGGAAAGGTAATTTGTTGT	CCCGTCTAATGCGCTTCCCTGTTTTTATGTTATTCTCTCTGTAAAGGTTTAACTTTAAGAAGGAGATATACAT
AACATCTTGTTTATTTGTTGCTTGCTCGCAGTTTCTTTTACATTATTCTTTCATTGTCTCTACTTCCATTCTTTT	TTGACAGCTAGCTCAGTCCTAGGTACTGTGCTAGCTTTAACTTTAAGAAGGAGATATACAT
CTGGATCAATTCGTACGTAAAGAGGTATAATAGGCTTTAGGTGAAGCGATTGAATATATAACAGGAACTAGGACA	TTGACAGCTAGCTCAGTCCTAGGTATAATGCTAGCTTTAACTTTAAGAAGGAGATATACAT
AGGATTCTATTCACATCTTACTTGTGTGCGTATTCGTTCACTTTATTATTTCTTTCCCTTTAATACGCTTGTTCT	CGATGCAGGTGGATGATCGCGGCTAGTCGATGCTGCTCATCGTAGCACCTGCGTCC
ACGGTCGAATTCACTTCCTAAGTGCTATAAATTGAGTATAGTTAAAGGTTGGTAGCTGGGATCTTACCGTCGATT	TTGACGGCTAGCTCAGTCCTAGGTATAGTGCTAGCTTTAACTTTAAGAAGGAGATATACAT
CTTGTTGAGTTCGCACATTATTAGGTTTCATTGTATTTCGCTTTAACATTGCTGGCTCTGTTATACGATAGTACT	TTGACGGCTAGCTCAGTCCTAGGTATAGTGCTAGCTTTAACTTTAAGAAGGAGATATACAT
GAACAACATTTTGGTCGTTGCGACATATCGAAGTAGGATCCAGAGATCAGACAATGAGGCGAGGTACTTAATTCT	TTGACAGCTAGCTCAGTCCTAGGTATTGTGCTAGCTTTAACTTTAAGAAGGAGATATACAT
CGCGTAGTACGCGGTACCTTGGCCGACTCTGGTAACGACGCTGACTGATGGTGTTCAGTGCTTTGCTCGTTATCC	TTGATAAATTCACTATTGACTCTTCTCAGCGCTTAAATTAAGCTATCGTTTAACTTTAGGCGTAGACAGACAT
CCGATATTATCCGCACCCGGATCGATTTCGAAGTACGAGGCATTAGCATGAATGTACATGGTAGGCATGTGGATG	TTGACAAAAAAAAAAAAAAAAAATATAATGCTAGCTTTAACTTTAAGAAGGAGATATACAT
AAGGACGAACGCACTGGTTGTTCGTGCGCAGTGACGTAGGGAGTCGTAAGTCATTCCGTGGCGTGACTGCGTTCA	TTGATAAATTCACTATTGACTCTTCTAGCGTCTTAATCTAAGCTATCGTTTAACTTTAAGAAGGAGATATACAT
AGTGTAGTGTGCGTATATTACTCGGGTGCAATAGCACGATCCTTAGTTGAGAATGGACGGGTAGTTAGTTAGGTG	CGATGCAGGTGGATGATCGCGGCTAGTCGATGCTGCTCATCGTAGCACCTGCGTCC
ACACAAAGAGTCCGTAGTGAAGTCGATTCGGAGTACTAACGAGTACGGTTACTATGTGTAACAGGAATTAGTTTC	CGATGCAGGTGGATGATCGCGGCTAGTCGATGCTGCTCATCGTAGCACCTGCGTCC
AACATCTTGCTTGCATCTGGTTTGCACGAGGTTTCCTTGAGAGTAGTGTTTGTGTACATATAATAAGTTTCTTTT	CGATGCAGGTGGATGATCGCGGCTAGTCGATGCTGCTCATCGTAGCACCTGCGTCC
AAGAACTTATTTATTACTGACGAGCGATCGGATGATGAACGAGACTCGTGGGATTCCATCGAATGCGTTTGGTTT	CTGATGGCTAGCTCAGTCCTAGGGATTATGCTAGCTTTAACTTTAAGAAGGAGATATACAT
CGCAACTAGCCTACTAGCTACGACTATTAAGATGCTTAGGGATAACCCTTGATGGGTGGGTTATGCGATACGTTG	CCATGCAGGTGGATGATCGCGGCTAGTCGATGCTGCTCATCGTAGCACCTGCGTCC
AGCGTCTAGTCTATTGCTTGTGCCAGAGAGTTTTCTTTGACAGAGTCGTGGCTGTAAGGGGTCTACCTGTGGTTG	TTGACGGCTAGCTCAGTCCTAGGTACAGTGCTAGCTTTAACTTTAAGAAGGAGATATACAT
AAGGATCAGCCTGTATGCGATGCCTTCGAGTATAATTAGCGAGTCGGGTTAAAGGATCTTTAGTACGTTTGGTGG	TATTAACGTTTACAATTTAAATATTTGCTTATACAATCTTCCTGTTTTTTTAACTTTAAGAAGGAGATATACAT
AATAACTAATGTACAACCAATGAGTACGAGAAGAATGTAAGATTGACATGTCATGCAAGGATCGTAAAGCGGTGC	TTTACGGCTAGCTCAGTCCTAGGTATAGTGCTAGCTTTAACTTTAAGAAGGAGATATACAT
ACCGATTAATTTGTAACTAGCTTCCTCTAAATGTATTTGAGTGACAGAAGGGTATCTAGTATAGACCATTCTTCT	CCCGTCTAATGCGCTTCCCTGTTTTTATGTTATTCTCTCTGTAAAGGTTTAACTTTAAGAAGGAGATATACAT
CATGATCTATCTGCTGCCGGCGCGGACGAAAATGACTAGACTTTCTTCTGTGTTGCAATTGAAGGAGAGCCTCAT	TTTACACTTTATGCTTCCGGCTCGTATGTTGTGTGGACTTTAACTTTAAGAAGGAGATATACAT
AATATTTTATTTATATACGAAGTCGGTTCGTTGGACGAGCGTGACTCGTGAGTTGACGGTAAGGAACATTGTTCA	CGATGCAGGTGGATGATCGCGGCTAGTCGATGCTGCTCATCGTAGCACCTGCGTCC
ATGATTTTGCTTACAGGCGGCTTCTGAGAGTTGAACTAGACATAGTGATGTGTGTGCGTGTTACATGCTTGGACG	GGTAAACCATATGAATTTTCTATTGATTGTGACAAAATAAACTTATTCCTTTAACTTTAAGAAGGAGATATACAT
ACTAACTTACGCACTGACTACGCGTTCTCGATTAAGTAGGCATTATGCAGACAGTCTGGGAAATAAAATACTTCC	GGTAAACCATATGAATTTTCTATTGATTGTGACAAAATAAACTTATTCCTTTAACTTTAAGAAGGAGATATACAT
CAGGTCCTACCTATTCGCGGATCGGTCTCATTTGCTTTAGGTGTCGTATTTGAATGCAGGTCGGGCAATCCTACC	TTGACAGCTAGCTCAGTCCTAGGGATTATGCTAGCTTTAACTTTAAGAAGGAGATATACAT
CGGATAGAACGTACATCCTGATTGTGTGCATATACGTATCCAGTCTCAAGGATGTGAATGTCATACAAGTGGATC	TTTACGGCTAGCTCAGTCCTAGGTACAATGCTAGCTTTAACTTAAGGAGATATACAT
CCGATTTTATTCGTAAGCTGATTGGAATCAGTTTACGAACCTTAAGGCATGGAGTGCGGTAAGTACAATAGGTCT	CGATGCAGGTGGATGATCGCGGCTAGTCGATGCTGCTCATCGTAGCACCTGCGTCC
AATGATGAGTTTGCTGGCTATTCCTATGAAATGAACTTTGCAGTATGGTTGGAGTATCGTTTATTCGATTCGTTC	CGATGCAGGTGGATGATCGCGGCTAGTCGATGCTGCTCATCGTAGCACCTGCGTCC
AGTAATTTGCTCGCTTACGGCTCGTTAGCAATGTACGACGCATTGTTCTTACATTGTGGAAACTTCAATACGTGT	CATTATTGCAATTAATAAACAACTAACGGACAATTCTACCTAACATTTAACTTTAAGAAGGAGATATACAT
AGGGTAGAACGTGCTGCTTACGCGGTTTAGTATGAGGAGGGAGTGTCATTGGATGGCGTGGAAGGCAAGTGGTCA	TTTACGGCTAGCTCAGTCCTAGGTATAGTGCTAGCTTTAACTTTTAGAAGGAGATATACAT
CTCAACGAGTCTGCTTATGGATCCGATTAATTTTCGTTAACTTTAATAAGTGAAGGAATCTAATGCATGTCGTTG	CGATGCAGGTGGATGATCGCGGCTAGTCGATGCTGCTCATCGTAGCACCTGCGTCC
AGGATACAGCTTGTTTACGAATCCTTTGCGATTACTGAGGCATTCGGGATGGTTTGTGTCGAAGGAAAGTGTTCG	TTGACAGCTAGCTCAGTCCTAGGTATTGTGCTAGCTTTAACTTTAAGAAGGAGATATACAT
CTTAAATTGTTTGTTTGTTGTTTCGGTTCGGTTTCTTTTGCATTACTGATTGTATCTGTGAACGGAGATTGTTTC	TTGACGGCTAGCTCAGTCCTAGGTACAGTGCTAGCTTTAACTTTAAGAAGGAGATATACAT
CAGGTTGTATTTATATCTAATTAGCATTAATTTTCGTAGACATAAGGGTGTGATGGTGGAAAGGTAATTTGTTGT	CCCGTCTAATGCGCTTCCCTGTTTTTATGTTATTCTCTCTGTAAAGGTTTAACTTTAAGAAGGAGATATACAT
CGCGTATTATTTATACCCGATGCGATTTAGATTTAGGAAAGATTGGTATTTCTTTACCGTTTCGAAGAGCCGTGA	CGATGCAGGTGGATGATCGCGGCTAGTCGATGCTGCTCATCGTAGCACCTGCGTCC
GGGCTCCAACCCGCTACCGAATTCGTAGAATAGTCTGAGAGTTACACCAGGGTTGATGGTTCGGGACCTCGTTTC	TTTACGTCTAGCTCAGCCCTAGGTATTATGCTAGCTTTACCCTCAGAAAGGAGATATACAT
ATCGATGAGTTTGCAGACGAATTCGTAGCGTAGGAGTTACCAGAGGTGATGCTTTACAGTTAGGACGTGCGTATA	CGATGCAGGTGGATGATCGCGGCTAGTCGATGCTGCTCATCGTAGCACTGTTC
GTCTTGCCCAACTGGATCGGCTTGCGCGAAAAGACCGTGAGTGTACGATTGGATGGTCGTTTGTTCACGTGGATC	TTGACAATATATATATATATAATGCTAGCTTTAACTTTAAGAAGGAGATATACAT
AAGGATCTGCGTACTAATAATGACAACGAGAATAATTTGACTGTATCAAGGGTTTACGGAACCTTCCCTTCGTTA	TTGACAAAAAAAAAAAAAAAATATGATGTTAGCTTTAACTTTAAGAAGGAGATATACAT
CTCATCCAGTTCGCTGGCTAAGTCGGAGAAATTACTTTAACAGTAGCAATAATTGACGGAAGGGACCTTGTTGCC	CGATGCAGGTGGATGATCGCGGCTAGTCGATGCTGCTCATCGTAGCACCTGCGTCC
AGGAATGAGCCCGCTGCTAATGAGAGTTCGGAGGCGGTCGCTTTGGGGAGACAAGGCAGGTTATTCACTAGTTTC	TTTACGGCTAGCTCAGCCCTAGGTATTATGCTAGCTTTAACTTTAAGAAGGAGATATACAT
AGTAACTAATGCACATACGATGTGAGCGCGTTGGCTGTACCAGACGCGATTCTTGCCAGGACATGCGAGTCGAGT	CTGATGGCTAGCTCAGTCCTAGGGATTATGCTAGCTTTAACTTTAAGAAGGAGATATACAT
AACTCATCTATCTATTTGCAACTTCCTTCGTTGTACTTCCCATTCTTCATGCTGTCTATCTACTTCCTTACTTTG	TTTACACTTTATGCTTCCGGCTCGTATGTTGTGTGGACTTTAACTTTAAGAAGGAGATATACAT
ATCATTTAGTCTGTTCCTTGATCCTAATCATAGTCGTAAACTTAGACGTGGATGGGTGGTTTGTTCCTGTGGTCT	CGATGCAGGTGGATAATAGCGGCTAGTCGATGCTGCTCATCGTAGCACCTGCGTCC
AAGAAATAGTTCACTAACGGTTTCATATAATTTTCCTTAACAGAACGATTGAAGGCTGGTGTATAACAGAGTACG	CGATGCAGGTGGATGATCGCGGCTAGTCGATGCTGCTCATCGTAGCACCTGCGTCC
CTTGTACAGCTTACTCGTTGTTTGCTATCAGTGTACGTGCCTTTACGGATACTTGAAGTAGTGGTCCTTAGGTCT	CGATGCAGGTGATCATCGCGGCTAGTCGATGCTGCTCATCGTAGCACCTGCGTCC
AACAATTAATTTGCTCGTTGTGAGGTATCGGAGTCTTATCGTTAGCCGATGGATGGAGGTTAGTTAAATTCGATG	CGATGCAGGTGGATGATCGCGGCTAGTCGATGCTGCTCATCGTAGCACCTGCGTCC
AGTAAACAACTTGCATCCGAATTGGTTGAGTTTTCGTATCGTGACTTCAGGGAGTCACTCATCGAACTTACGACG	CGATGCAGGTGGATGATCGCGGCTAGTCGATGCTGCTCATCGTAGCACCTCGTGC
TCATGCCAGTTCGTTCCTGATTAGGGATAGATTGACGTTGGTGTGTCATTGAAGTGTCGCTTATGCGTGTGGTTT	CGATGCAGGTGGATGATCGCGGCTAGTCGATGCTGCTCATCGTAGCACCTGCGTCC
ACTAATTAACCTATAAGCTAAGACGATTCGATGGACTTAGCATTGAGCATAGAAGGAGGGGCCTTAGTGTGGACG	TTTACGGCTAGCTCAGCCCTAGGTATTATGCTAGCTTTAACTTTAAGAAGGAGATATACAT
AATGTCTAACTTATTGGCTGTTAGAAATAGTATTATGTGGGATAACGGATACTTTCAGGCATCTAAGCTAGGTGA	CGATGCAGGTGGATGATCGCGGCTAGTCGATGCTGCTCATCGTAGCACCTGCGTCC
ATCAAACAATTCGCAAACGAAGTGAAAGAAAATAAGGACACAGAACGATTGGAGGGAGTAGAGTGAGCGAGTATC	TTGACGGCTAGCTCAGTCCTAGGTATTGTGCTAGCTTTAACTTTAAGAAGGAGATATACAT
CTGGTCTAATGTATAAACGGCGACGACGAGTTTGATTTCGGTGTGTCGATGGTATATATTGTAGGAATGTCTTTA	CGATGCAGGTGGATGATCGCGGCTAGTCGATGCTGCTCATCGTAGCACCTGCGTCC
ATTATTTTATTTATTCATAGTTTCTGTTCAAATTCTTTTCCTTACTGGATTCTTTGTCTTTTATTACCTACTACT	TTGACAGCTAGCTCAGTCCTAGGTACTGTGCTAGCTTTAACTTTAAGAAGGAGATATACAT
AGGAACTTGTGTACAGATTGCGTGTGTTAGATGGAGTTTCCAGAAGGGTGGGAGGCCAGGAAAGGCATTAGGATT	CCGTGACGGATCCTGGTGCAAAACCTTTCGCGGTATGGCATGATAGCGCCTTTAACTTTAAGAAGGAGATATACAT
CGGGTTGTGCCTATAGCCGACGCCGATTAAGAGAAGGAGGGTTAGACGAGACTGGCAGGTGAGTTAAATAGGACG	CGATGCAGGTGGATGATCGCGGCTAGTCGATGCTGCTCATCGTAGCACCTGCGTCC
AACATTCTGCGTACTTCCTGATAGTTAGCGATGAAGTATCGTGAACTATTTGATGCTCTGTTAGTCGTGTGTTGA	TTGACGGCTAACTCAGTCCTAGGTATTGTGCTAGCTTTAACTTTAAGAAGGAGATATACAT
ATGATTTTATTTACTTATTGTTCCTTTTCGTTTTCTTTTCCTTTACCATTTATATGTCTTTTCTTCATTTCTTTT	CGATGCAGGTGGATGATCGCGGCTAGTCGATGCTGCTCATCGTAGCACCTGCGTCC
AGGGTTCTGTGTGTTACCTGCTCGGGAGAGATGGCCTATGGAGACAGCTTTCTATGTGGAGCGTTAACTAGTATG	AATCTCCGTTGTACTTTGTTTTCGCGCTTGGTATAATCGCTGGGGGTCTTTAACTTTAAGAAGGAGATATACAT
ATTATAGAGCGCATACCTAATGCCATTGCGGATTCTGAAAGTTACCTCATACTGGCTGGATTCTGCACTAGTAGC	CCCGTCTAATGCGCTTCCCTGTTTTTATGTTATTCTCTCTGTAAACTTTTAACTTTAAGAAGGAGATATACAT
GACCTAGGATTCGGTACCTTGGCCGACTCTGGTAACGACGCTGACTTATGGTGTTCAGTGCTTTGCTCGTTATCC	TTTACGGCTAGCTCAGTCCTAGGTATAGTGCTAGCTTTAACTTTAAGAAGGAGATATACAT
CATAATCTGTCTATTCATTACTCGTTTTCGATTAACTATCCTTTCGTGTTAGTAGCTCTTATCGAAATTACTTTT	CGATGCAGGTGGATAATAGCGGCTAGTCGATGCTGCTCATCGTAGCACCTGCGTCC
AGGAATTAATTCACAGGTAGTTCCTATTAAGTTACGTACAGAGTGACGAGGCAGTCCATTGCAGGACAGTGGAGC	TTGATAAATTCACTATTGACTCTTCTCAGCGTCTTAATCTAAGCTATCGTTTAACTTTAAGAAGGAGATATACAT
CAGGTACAACTTATTTACTATTTCTACTAAATTACGTTCACATTCATGAGTGTGGGTATGATCTCGTAACTTGTT	CCGTGACGGATCCTGGTGCAAAACCTTTCGCGGTATGCACGTGATAGCGCCTTTAACTTTAAGAAGGAGATATACAT
CACAACGAGCTTACAGCTTACTTGATATCAGATAAGGAAACAGTAAGCTGAATGGCAATCATGGAAGAGAGTATA	TCGACAGCTAGCTCAGTCCTAGGTACTGTGCTAGCTTTAACTTTAAGAAGGAGATATACAT
ACTCATTTTGTTTATTACTTGTTTCTGTTAAGTTTCTATACTTTCTCATTTCTTTCTCTTTCAGGACATTCTTTT	CGATGCAGGTGGATGATCGCGGCTAGTCGATGCTGCTCATCGTAGCACCTGCGTCC
CCCATTGTACCTGCATACGGTTTCCTTTAGTTTTCTTTTGCTGTCACATTTCATTGAGGGATCTTCCTGCGGTGT	CGATGCAGGTGGATGATCGCGGCTAGTCGATGCTGCTCATCGTAGCACCTGCGTCC
CGTAAATAAATAATGAACTGGGCGGAGGCACCTGCCTAAGCATATGTATATCTCCTTCTTAAAGTTAAAGCTAGC	CCCGTCTA
ATGAAATAATCTGCTGATTAATTGATTTAATATTCCTTACGATTACGCTGAATGGCACGTGCGGGAACGACGTGC	CGATGCAGGTGGATGATCGCGGCTAGTCGATGCTGCTCATCGTAGCACCTGCGTCC
AAGATCGAGCTTACTACCGGAGCGTAAGCGGTTACTGTACGATTATGATGTGTATAAATCACGGAAGAGCCTGAC	TTGACAGACAGTGAGCTCAGTCCGAGAGAATAATGCTAGCTTTAACTTTAGAAGGAGATATACAT
AATATTTTGCTCATAGCTGGCGAGAACTCGTATAAGGTTCGTTAGTGCTGTGAATGACGGGAATGAATTTGGTTT	CGATGCAGGTGGATGATCGCGGCTAGTCGATGCTGCTCATCCGAGCACCTGTGCTC
AACGTTTAGCCTGTAACCTACTCGGTCTCGTTTGAGTACAGATTCCTCTTGGTGTAACGTACGTGCCATTGGTCC	CGATGCAGGTGGATGATCGCGGCTAGTCGATGCTGCTCATCGTAGCACCTGCGTCC
AGCGTCTAGCCTGCAAACGGAGTGCTATCGGATACGGAGGCTTACCGGTGGCAGTCCCGAGCATACGCTAGTACT	CGATGCAGGTGGATGATCGCGGCTAGTCGATGCTGCTCATCGTAGCACCTGCGTCC
